1,jeevannnnnnnnnnnnnnnnnnnnnnnnnnnnnnnnnnnnnnnnnnnnnnnnnnnnnnnnnnnnnnnnnnnnnnnnnnnnnnnnnnnnnnnnnnnnnnnnnnnnnnnnnnnnnnn,dasari,Indian,1997-10-09T22:00:00.000Z,Visakhapatnam,,,Magdeburg,,,,902194,j@gmail.com
2,Var,bhat,india,1994-10-30T00:00:00.000Z,kaigaa,,,bengaluru,,,,902,vb@gmail.com
3,Vann,bhat,india,1993-10-30,kaiga,,,bengaluru,,,,902,vb@gmail.com
4,jeevan1,dasari,Indian,2025-07-02,Visakhapatnam,,,Magdeburg,,,,902194,j@gmail.com
5,jeevan,dasari,Indian,2025-07-01,Visakhapatnam,,,Magdeburg,,,,902194,j@gmail.com
6,jeev,abc,india,2025-07-01T22:00:00.000Z,vizag,,,Magdeburg,,,,986646,j@gmail.com
7,abc,ad,add,2025-07-01T22:00:00.000Z,d,,,dd,,,,d,a@gmail.com
8,ss,ss,ss,2025-06-30T22:00:00.000Z,ss,,,ss,,,,ss,s@gmail.com
9,df,aa,a,2025-06-29T22:00:00.000Z,s,,,s,,,,s,s@gmail.com
10,aad,fg,df,2025-06-28T22:00:00.000Z,df,,,fg,,,,aa,j@gmail.com
11,hh,ss,ss,2025-06-30T22:00:00.000Z,ss,,,ss,,,,dd,s@gmail.com
12,fff,ff,ff,2025-06-28T22:00:00.000Z,dd,,,dd,,,,dd,aa@gmail.com
